Email,FirstName,LastName
jodi.saragih.29@gmail.com,Jodi,Saragih
oddi@bizmann.com,Ferdiansyah,Himawan
sarah@bizmann.com,Sarah,Bizmann
ferdiansyah.himawan@gmail.com,Ferdiansyah,Himawan
fery@bizmann.com,Ferry,Bizmann
wani@bizmann.com,Wani,Sialagan
sarah@gmail.com,Sarah,Bizmann
michelleang@bizmann.com,Michelle,Bizmann
